{
    "pages" : [
        //pages数组中第一项表示应用启动页，参考：https://uniapp.dcloud.io/collocation/pages
        {
            "path" : "pages/empower/empower",
            "style" : {
                "navigationBarTitleText" : "授权登录"
            }
        },
        {
            "path" : "pages/home/home",
            "style" : {
                "navigationBarTitleText" : "主页"
            }
        },
        {
            "path" : "pages/home/home-video/home-video",
            "style" : {
                "navigationBarTitleText" : "直播间"
            }
        },
        {
            "path" : "pages/home/home-video/start-video/start-video",
            "style" : {
                "navigationBarTitleText" : "直播间"
            }
        },
        {
            "path" : "pages/course/course",
            "style" : {
                "navigationBarTitleText" : "课程"
            }
        },
        {
            "path" : "pages/me/me",
            "style" : {
                "navigationBarTitleText" : "我的"
            }
        },
        {
            "path" : "pages/me/personMessage/personMessage",
            "style" : {
                "navigationBarTitleText" : "个人信息"
            }
        },
        {
            "path" : "pages/course/delete-course/delete-course",
            "style" : {
                "navigationBarTitleText" : "已删除课程"
            }
        },
        {
            "path" : "pages/home/school-timetable/school-timetable",
            "style" : {
                "navigationBarTitleText" : "课表"
            }
        },
        {
            "path" : "pages/community/community",
            "style" : {
                "navigationBarTitleText" : "社区"
            }
        },
        {
            "path" : "pages/course/invitation-code/invitation-code",
            "style" : {
                "navigationBarTitleText" : "邀请码"
            }
        },
        {
            "path" : "pages/course/functions/functions",
            "style" : {
                "navigationBarTitleText" : "功能"
            }
        },
        {
            "path" : "pages/course/functions/task/intask/intask",
            "style" : {
                "navigationBarTitleText" : "第一课时"
            }
        },
        {
            "path" : "pages/course/functions/task/task",
            "style" : {
                "navigationBarTitleText" : "课程任务"
            }
        },
        {
            "path" : "pages/course/functions/students/students",
            "style" : {
                "navigationBarTextStyle" : "white",
                "navigationBarTitleText" : "班级学生",
                "navigationBarBackgroundColor" : "#21B0FF",
                "backgroundColor" : "#21B0FF"
            }
        },
        {
            "path" : "pages/course/functions/check/incheck/incheck",
            "style" : {
                "navigationBarTitleText" : "数字签到"
            }
        },
        {
            "path" : "pages/course/functions/check/handCheck/handCheck",
            "style" : {
                "navigationBarTitleText" : "手势签到"
            }
        },
		{
		    "path" : "pages/course/functions/check/locationCheck/locationCheck",
		    "style" : {
				"navigationBarTitleText" : "位置签到"
			}
		},
        {
            "path" : "pages/course/functions/check/check",
            "style" : {
                "navigationBarTextStyle" : "white",
                "navigationBarTitleText" : "考勤",
                "navigationBarBackgroundColor" : "#21B0FF",
                "backgroundColor" : "#21B0FF"
            }
        },
        {
            "path" : "pages/course/functions/video/video",
            "style" : {
                "navigationBarTitleText" : "直播"
            }
        },
        {
            "path" : "pages/course/functions/check/checkRecord/checkRecord",
            "style" : {
                "navigationBarTextStyle" : "white",
                "navigationBarTitleText" : "考勤记录",
                "navigationBarBackgroundColor" : "#21B0FF",
                "backgroundColor" : "#21B0FF"
            }
        },
        {
            "path" : "pages/course/functions/classwork/classwork",
            "style" : {
                "navigationBarTextStyle" : "white",
                "navigationBarTitleText" : "课堂作业",
                "navigationBarBackgroundColor" : "#21B0FF",
                "backgroundColor" : "#21B0FF"
            }
        },
        {
            "path" : "pages/course/functions/classwork/inwork/inwork",
            "style" : {
                "navigationBarTitleText" : "高数作业（4）"
            }
        },
        {
            "path" : "pages/course/functions/quiz/inchoice/inchoice",
            "style" : {
                "navigationBarTitleText" : "选人"
            }
        },
        {
            "path" : "pages/course/functions/quiz/quiz",
            "style" : {
                "navigationBarTextStyle" : "white",
                "navigationBarTitleText" : "课堂提问",
                "navigationBarBackgroundColor" : "#21B0FF",
                "backgroundColor" : "#21B0FF"
            }
        },
        {
            "path" : "pages/course/functions/group/group",
            "style" : {
                "navigationBarTitleText" : "班级小组"
            }
        },
        {
            "path" : "pages/course/functions/group/groupChat/groupChat",
            "style" : {
                "navigationBarTitleText" : "班级讨论组"
            }
        },
        {
            "path" : "pages/course/functions/group/groupChat/chatMessage/chatMessage",
            "style" : {
                "navigationBarTitleText" : "群聊信息"
            }
        },
        {
            "path" : "pages/course/functions/quiz/inquiz/inquiz",
            "style" : {
                "navigationBarTitleText" : "抢答结果"
            }
        },
        {
            "path" : "pages/course/functions/practise/inpractise/inpractise",
            "style" : {
                "navigationBarTitleText" : "练习卷（4）"
            }
        },
        {
            "path" : "pages/course/functions/practise/practise",
            "style" : {
                "navigationBarTextStyle" : "white",
                "navigationBarTitleText" : "在线练习",
                "navigationBarBackgroundColor" : "#21B0FF",
                "backgroundColor" : "#21B0FF"
            }
        },
        {
            "path" : "pages/course/functions/wenjuan/inwenjuan/inwenjuan",
            "style" : {
                "navigationBarTitleText" : "课程安排"
            }
        },
        {
            "path" : "pages/course/functions/wenjuan/wenjuan",
            "style" : {
                "navigationBarTextStyle" : "white",
                "navigationBarTitleText" : "调查问卷",
                "navigationBarBackgroundColor" : "#21B0FF",
                "backgroundColor" : "#21B0FF"
            }
        },
        {
            "path" : "pages/course/functions/activity/inactivity/inactivity",
            "style" : {
                "navigationBarTitleText" : "元旦活动"
            }
        },
        {
            "path" : "pages/course/functions/activity/activity",
            "style" : {
                "navigationBarTextStyle" : "white",
                "navigationBarTitleText" : "班级活动",
                "navigationBarBackgroundColor" : "#21B0FF",
                "backgroundColor" : "#21B0FF"
            }
        },
        {
            "path" : "pages/course/functions/grade/grade",
            "style" : {
                "navigationBarTextStyle" : "white",
                "navigationBarTitleText" : "成绩单",
                "navigationBarBackgroundColor" : "#21B0FF",
                "backgroundColor" : "#21B0FF"
            }
        },
        {
            "path" : "pages/home/resource/resource",
            "style" : {
                "navigationBarTitleText" : "资源"
            }
        },
        {
            "path" : "pages/home/message/message",
            "style" : {
                "navigationBarTitleText" : "消息"
            }
        },
        {
            "path" : "pages/home/message/new-message/new-message",
            "style" : {
                "navigationBarTitleText" : "新建消息"
            }
        },
        {
            "path" : "pages/home/message/detail/detail",
            "style" : {
                "navigationBarTitleText" : "消息"
            }
        }
        
    ],
    "globalStyle" : {
        "navigationBarTextStyle" : "black",
        "navigationBarTitleText" : "uni-app",
        "navigationBarBackgroundColor" : "white"
    },
    "tabBar" : {
        "list" : [
            {
                "text" : "主页",
                "pagePath" : "pages/home/home",
                "iconPath" : "static/images/home.png",
                "selectedIconPath" : "static/images/home-fill.png"
            },
            {
                "text" : "课程",
                "pagePath" : "pages/course/course",
                "iconPath" : "static/images/course.png",
                "selectedIconPath" : "static/images/course-fill.png"
            },
            {
                "text" : "社区",
                "pagePath" : "pages/community/community",
                "iconPath" : "static/images/community.png",
                "selectedIconPath" : "static/images/community-fill.png"
            },
            {
                "text" : "我的",
                "pagePath" : "pages/me/me",
                "iconPath" : "static/images/me.png",
                "selectedIconPath" : "static/images/me-fill.png"
            }
        ],
        "color" : "rgb(87, 87, 88)",
        "selectedColor" : "#1296DB"
    }
}
